{"loss": [2.047868013381958, 2.041511058807373, 2.0367491245269775, 2.033294916152954, 2.0325191020965576, 2.02950119972229, 2.028276205062866, 2.027038812637329, 2.025728464126587, 2.024570941925049], "mse": [2.045994758605957, 2.0396461486816406, 2.0348899364471436, 2.031437635421753, 2.0306625366210938, 2.0276479721069336, 2.026421070098877, 2.0251832008361816, 2.023871421813965, 2.0227129459381104], "val_loss": [0.7382646203041077, 0.735837459564209, 0.7354100942611694, 0.7356309294700623, 0.7336584329605103, 0.7333703637123108, 0.7333115339279175, 0.7336668968200684, 0.7327844500541687, 0.7328408360481262], "val_mse": [0.7382645606994629, 0.7358373999595642, 0.7354100346565247, 0.7356308698654175, 0.7336583137512207, 0.733370304107666, 0.7333115339279175, 0.7336668372154236, 0.7327843904495239, 0.7328408360481262]}